"sp","d.tpos","d.tneg","d.fpos","d.fneg","d.probopti","NZ.count","tmax1","tmax2","tmax3","tmax4","q1","q2","w11","w12","ns1","ns2","tmean1","tmean2","w21","w22","w23","w24","nsoil1","nsoil2","tmin1","tmin2","tmin3","tmin4","tmean21","tmean22","tmax1.back","tmax2.back","tmax3.back","tmax4.back","q1.back","q2.back","w11.back","w12.back","ns1.back","ns2.back","tmean1.back","tmean2.back","w21.back","w22.back","w23.back","w24.back","nsoil1.back","nsoil2.back","tmin1.back","tmin2.back","tmin3.back","tmin4.back","tmean21.back","tmean22.back"
"V._brachysiphon",252,231,29,8,0.571973044,42656,0.184312627,0.271524173,0.477194091,0.656520627,0.910213122,0.910463241,0.529581303,0.712185302,0.113687195,0.116039242,0.360383517,0.427350714,0.925641339,0.937169935,2.265805494,2.464625384,0.024194532,0.032248433,0.379422749,0.610839439,0.688141345,0.698516489,0.654273253,0.686324523,-0.784368675,3.576208635,13.85970453,22.82603135,44.60044517,44.61270101,52.95813027,71.21853022,0.113687195,0.116039242,1.217258265,4.23078214,92.56413391,93.71699351,100,100,0.024194532,0.032248433,-2.925976289,7.487774737,10.96636052,11.43324201,14.44229636,15.88460353
"V._canterburiensis",858,732,148,13,0.598235368,50230,0.204693294,0.270608405,1.574985787,1.72551756,0.910186055,0.910313739,0.749516345,0.982731973,0.045714595,0.062149813,0.367932493,0.434808179,0.792822788,0.928749129,2.523728504,2.775831613,2.16e-05,0.043882934,0.213688265,0.429245136,0.822257907,0.948790698,0.682633405,0.914023093,0.234664695,3.530420266,40,40,44.59911892,44.60537541,74.95163454,98.27319726,0.045714595,0.062149813,1.556962195,4.566368052,79.28227878,92.8749129,100,100,2.16e-05,0.043882934,-10.38402808,-0.683968866,17.00160583,22.69558141,15.71850325,26.13103916
"V._catarractae",141,116,34,1,0.291727708,62419,0.054782345,0.321699855,1.461910367,1.524691481,0.778947871,0.782117464,0.982872052,0.992219456,0.029467087,0.271228976,0.322385855,0.473901752,0.570309181,0.871740333,1.382760672,1.508261549,0.033482079,0.193903504,0.069075147,0.160517569,0.592365079,0.717143052,0.615095271,0.77418267,-7.260882742,6.084992762,40,40,38.16845111,38.32376107,98.28720519,99.22194561,0.029467087,0.271228976,-0.492636541,6.325578855,57.03091807,87.17403331,100,100,0.033482079,0.193903504,-16.8916184,-12.77670939,6.65642854,12.27143735,12.6792872,19.83822013
"V._dilatata",46,49,1,1,0.602611946,6366,0.19184727,0.213368781,0.986615692,1.198714514,0.022617804,0.200115795,0.728416984,0.83111733,0.144510793,0.356242249,0.250243247,0.275838049,0.57950685,0.598201684,1.726756031,1.769973266,0.033099543,0.085499089,0.003452498,0.173326351,0.412720739,0.413346456,0.634462939,0.634885107,-0.407636484,0.668439069,39.3307846,40,1.108296326,9.805693568,72.84169844,83.11173304,0.144510793,0.356242249,-3.73905389,-2.587287785,57.95068497,59.82016835,100,100,0.033099543,0.085499089,-19.8446376,-12.20031421,-1.427566747,-1.399409499,13.55083226,13.56982981
"V._lavaudiana",65,65,5,5,0.551769929,41866,0.001790608,0.196866128,0.519033391,0.519234415,0.206197579,0.218904668,0.868442151,0.889615303,0.077178665,0.077218164,0.402501666,0.509956117,0.421083262,0.447262928,0.687994323,0.770360027,0.05236342,0.054073529,0.314658978,0.429225803,1.025329351,1.104443468,0.691709805,0.692936943,-9.910469592,-0.156693593,15.95166954,15.96172075,10.1037008,10.72634786,86.84421508,88.96153032,0.077178665,0.077218164,3.112574953,7.948025262,42.10832619,44.72629282,68.79943233,77.03600273,0.05236342,0.054073529,-5.840345985,-0.684838863,25,25,16.12694121,16.18216242
"V._leiophylla",276,218,62,4,0.588853503,69241,0.025481156,0.353544793,1.024160922,1.185908185,0.910149966,0.910268268,0.795728227,0.799167424,0.102412994,0.103589975,0.360549656,0.383692383,0.142941696,0.440044806,1.471681796,1.699108421,0.030297702,0.032499146,0.496868172,0.596107998,1.116828401,1.37852215,0.895286771,0.935597698,-8.725942199,7.677239668,40,40,44.59735051,44.60314733,79.5728227,79.91674239,0.102412994,0.103589975,1.224734528,2.266157247,14.29416961,44.00448058,100,100,0.030297702,0.032499146,2.359067718,6.82485993,25,25,25.28790467,27.10189642
"V._lilliputiana",75,51,29,4,0.574832427,58613,0.268639963,0.314699465,0.348186848,0.416141411,0.210779144,0.240009522,0.47247651,0.509937928,0.101727219,0.105147914,0.176869369,0.340372963,0.385136185,0.490014345,0.913765936,1.018343965,0.012990185,0.037976464,0.372467372,0.50184951,1.505334644,1.693081178,0.107158537,0.325376868,3.431998163,5.734973261,7.409342424,10.80707057,10.32819737,11.76048522,47.247651,50.99379281,0.101727219,0.105147914,-7.040878379,0.316783329,38.51361846,49.00143454,91.37659364,100,0.012990185,0.037976464,-3.238968239,2.583227936,25,25,-10.17786583,-0.358040947
"V._linifolia",161,133,37,1,0.292004783,58225,0.023457882,0.240380612,0.903301646,1.065296389,0.910246129,0.91035984,0.795848847,0.999588164,0.103047531,0.103453016,0.360445834,0.369312882,0.136281137,0.435098277,1.461593505,1.688758686,0.026644802,0.02839185,0.499849731,0.597885634,1.118183843,1.381165587,0.897480182,0.919731462,-8.827105917,2.0190306,35.16508232,40,44.60206253,44.60763434,79.58488474,99.95881644,0.103047531,0.103453016,1.220062508,1.619079702,13.62811368,43.50982774,100,100,0.026644802,0.02839185,2.493237877,6.904853509,25,25,25.3866082,26.38791579
"V._ochracea",59,51,9,0,0.191394089,26177,0.091321833,0.409246704,0.525655398,0.527313245,0.23261602,0.237566469,0.745405834,0.863356699,0.311380586,0.321631329,0.299718571,0.335170942,0.917240831,0.980069539,2.319990092,2.381403434,0.011142536,0.014431382,0.195437439,0.294828103,1.221772575,1.34952185,0.595592406,0.59734307,-5.433908331,10.46233518,16.28276991,16.36566223,11.39820376,11.64077568,74.54058341,86.33566993,0.311380586,0.321631329,-1.512664292,0.082692412,91.72408306,98.00695394,100,100,0.011142536,0.014431382,-11.20531525,-6.732735352,25,25,11.80165825,11.88043814
"V._pulvinaris",368,318,62,7,0.626012324,34890,0.116865244,0.117632599,0.353511675,0.354059289,0.352310078,0.352751149,0.355434698,0.563553612,0.011430209,0.053365087,0.05564197,0.206090699,0.72174494,0.864166533,1.154782943,1.331272997,0.018196898,0.023266432,0.225277317,0.242927759,1.82043249,1.956144598,1.115150056,1.35004543,-4.156737821,-4.118370057,7.675583741,7.702964472,17.26320968,17.28482214,35.54346983,56.35536121,0.011430209,0.053365087,-12.49611137,-5.725918551,72.17449396,86.41665331,100,100,0.018196898,0.023266432,-9.862520721,-9.068250851,25,25,30,30
"V._raoulii",154,120,40,0,0.285485696,57943,0.025714777,0.24088817,0.9403352,1.016102638,0.910244043,0.91035346,0.105526759,0.260615846,0.107005219,0.312577502,0.365532085,0.390841314,0.170447362,0.464780893,1.533121226,1.763164,0.029566384,0.052000247,0.49130511,0.596298807,1.085807471,1.344406794,0.892508105,0.93978376,-8.714261157,2.044408498,37.01675999,40,44.6019603,44.60732174,10.55267586,26.06158457,0.107005219,0.312577502,1.448943805,2.58785913,17.04473618,46.47808932,100,100,0.029566384,0.052000247,2.108729937,6.833446322,25,25,25.16286474,27.2902692
"V._rigidula",71,69,11,0,0.306429344,43700,0.155299171,0.368813097,1.136018934,1.317584731,0.910249012,0.910255165,0.856559929,0.89605038,0.124418251,0.129359663,0.315773567,0.346292182,0.581726864,0.65004213,1.334090946,1.552371867,0.040883088,0.043157882,0.524890585,0.556311935,1.571134123,1.750484897,1.104694306,1.205546608,-2.235041429,8.440654867,40,40,44.60220378,44.60250528,85.65599294,89.605038,0.124418251,0.129359663,-0.790189489,0.583148204,58.17268645,65.00421304,100,100,0.040883088,0.043157882,3.620076347,5.034037064,25,25,30,30
"V._strictissima",106,99,11,1,0.643130158,32188,0.349162373,0.349808131,1.940046982,2.147802064,0.107605149,0.141224651,0.79850478,0.868634471,0.041731302,0.041756115,0.542361812,0.549212152,0.110491443,0.11251662,0.660006713,0.68939482,0.053277032,0.05679747,0.418627385,0.419253251,1.157847523,1.320967672,0.71354157,0.714081377,7.458118667,7.490406571,40,40,5.272674144,6.920028947,79.850478,86.86344707,0.041731302,0.041756115,9.406281523,9.714546833,11.04914427,11.25166198,66.00067135,68.93948201,0.053277032,0.05679747,-1.161767663,-1.133603706,25,25,17.10937067,17.13366196
"V._venustula",124,177,3,52,0.68002545,7751,0.04311535,0.288253512,0.430984857,0.488905011,0.265422391,0.266285821,0.850958723,0.998461274,0.059163908,0.284418607,0.359452262,0.557853362,0.92900764,1.132901648,1.967294905,2.272328283,0.025416331,0.105092427,0.12844852,0.291714015,0.595860781,0.664949432,0.603291772,0.859879567,-7.844232487,4.412675603,11.54924286,14.44525055,13.00571515,13.0480232,85.09587226,99.84612739,0.059163908,0.284418607,1.175351803,10.10340128,92.90076397,100,100,100,0.025416331,0.105092427,-14.21981662,-6.872869332,6.813735127,9.922724442,12.14812972,23.69458051
"V._albicans",231,196,44,8,0.51082773,60378,0.051455804,0.344742622,0.565297725,0.566317634,0.536584081,0.537442259,0.675925592,0.837416863,0.252519229,0.360777085,0.323710021,0.411308468,0.951149633,1.000275665,2.174521145,2.256031244,0.040040646,0.043012967,0.405623909,0.464196233,1.020011897,1.239129499,0.721250893,0.731982183,-7.427209783,7.237131118,18.26488627,18.31588171,26.2926313,26.33468202,67.59255919,83.74168627,0.252519229,0.360777085,-0.433049064,3.508881061,95.11496332,100,100,100,0.040040646,0.043012967,-1.746924105,0.888830488,25,25,17.45629018,17.93919823
"V._amplexicaulis",70,67,13,2,0.722052841,45654,0.226769782,0.555587957,1.191000999,1.27139171,0.512818783,0.512821132,0.370566435,0.496653442,0.136087548,0.136408549,0.339683963,0.485451913,0.819445049,0.829972688,2.075253625,2.225150364,0.050990045,0.051996848,0.044447887,0.062100355,0.444318269,0.471219746,0.682370348,1.012337889,1.338489116,17.77939787,40,40,25.12813228,25.12824739,37.05664351,49.66534415,0.136087548,0.136408549,0.28577833,6.845336095,81.94450486,82.99726876,100,100,0.050990045,0.051996848,-17.9998451,-17.20548404,-0.005677909,1.204888571,15.70666565,30
"V._angustissima",30,25,5,0,0.575027542,56177,0.226899014,0.362592467,1.680948737,1.952049707,0.204020357,0.244975487,0.248154521,0.502694852,0.303132511,0.316610182,0.481560144,0.482009527,0.484796106,0.502378413,1.295120229,1.539823475,0.021131901,0.045258584,0.232834064,0.366022649,0.663498128,0.664407873,0.524412102,0.830717489,1.344950721,8.129623338,40,40,9.997016998,12.00381737,24.81545208,50.26948522,0.303132511,0.316610182,6.670206477,6.690428693,48.4796106,50.23784127,100,100,0.021131901,0.045258584,-9.522467115,-3.528980816,9.857415741,9.898354285,8.598544606,22.38228701
"V._annulata",26,30,0,0,0.66352163,22616,0.08658398,0.144159024,0.584254819,0.782087106,0.131804376,0.190698866,0.244581295,0.427331981,0.071876777,0.071972831,0.193994543,0.265231289,0.576214021,0.580113552,1.012531748,1.169323184,0.056694094,0.066584737,0.008047499,0.095540276,0.409386751,0.410569444,0.634953337,0.653310053,-5.670801012,-2.792048802,19.21274097,29.10435528,6.458435687,9.344264266,24.45812946,42.73319813,0.071876777,0.071972831,-6.270245566,-3.064591988,57.62140214,58.01135522,100,100,0.056694094,0.066584737,-19.63786256,-15.70068758,-1.577596217,-1.524375011,13.57290018,14.39895236
"V._arganthera",18,20,0,0,0.834158761,19052,0.140481082,0.248023221,1.059567683,1.247610299,0.192945618,0.198816959,0.142925628,0.165323545,0.314780668,0.33172461,0.29149211,0.299117938,0.978192724,0.99348384,2.201507873,2.523929333,0.033652633,0.046585661,0.186130174,0.29843946,1.432806435,1.46449382,0.596277194,0.596901008,-2.975945911,2.401161039,40,40,9.45435504,9.742050622,14.29256276,16.53235454,0.314780668,0.33172461,-1.882855054,-1.539692788,97.81927243,99.34838401,100,100,0.033652633,0.046585661,-11.62414219,-6.570224288,25,25,11.83247374,11.86054538
"V._armstrongii",23,28,2,0,0.291560765,72692,0.452080571,0.472946978,2.209655771,2.265688175,0.76518541,0.847424022,0.516119602,0.518918003,0.105310265,0.138829084,0.382206151,0.395253066,0.533238484,0.716085672,0.891194082,1.038102286,0.033307483,0.120782912,0.180484865,0.373413934,0.422751069,0.474115363,0.686513315,0.919029829,12.60402856,13.64734892,40,40,37.49409083,41.52378084,51.6119602,51.89180032,0.105310265,0.138829084,2.199276816,2.78638795,53.32384842,71.60856718,89.11940821,100,0.033307483,0.120782912,-11.87818108,-3.196372984,-0.976201906,1.335191322,15.89309919,26.35634229
"V._baylyi",52,47,13,0,0.291375161,77929,0.242559571,0.255935775,0.564025111,0.567836695,0.726577901,0.84888214,0.981207462,0.98291755,0.274441154,0.306431418,0.124149716,0.398038303,0.310298469,0.501134255,1.22428743,1.328860565,0.00776957,0.040583983,0.401053349,0.590921965,2.247415513,2.474837893,0.424239799,0.431262331,2.12797855,2.79678873,18.20125556,18.39183476,35.60232386,41.59522858,98.12074624,98.29175503,0.274441154,0.306431418,-9.413262797,2.911723649,31.02984688,50.11342547,100,100,0.00776957,0.040583983,-1.952599305,6.591488447,25,25,4.090790971,4.406804881
"V._biggarii",37,37,3,0,0.212685561,13921,0.000159569,0.202013156,0.571825893,0.746564977,0.000324145,0.202326196,0.759868185,0.898369987,0.191899163,0.295212996,0.302199753,0.302214282,0.630413445,0.960242515,1.855242616,1.976206913,0.03040083,0.067000391,8.23e-05,0.28693506,0.417730152,0.417784954,0.794242097,0.976730725,-9.992021568,0.100657779,18.59129463,27.32824886,0.015907576,9.914003141,75.98681855,89.83699873,0.191899163,0.295212996,-1.401011094,-1.400357288,63.0413445,96.02425152,100,100,0.03040083,0.067000391,-19.99629763,-7.087922279,-1.202143182,-1.19967707,20.74089436,28.95288261
"V._birleyi",32,37,3,0,0.687981087,27892,0.005273421,0.187952827,0.479764494,0.732929193,0.409497793,0.514859459,0.890985625,1.000006813,0.216198147,0.38129566,0.215554947,0.2155552,0.915451153,1.00002657,1.866075902,1.932590487,0.021803953,0.045765663,3.04e-06,0.000577718,0.384470564,0.398189783,0.831876753,1.070374894,-9.736328952,-0.602358654,13.98822469,26.64645964,20.06540634,25.22812539,89.0985625,100,0.216198147,0.38129566,-5.300027387,-5.300015999,91.54511529,100,100,100,0.021803953,0.045765663,-19.99986318,-19.97400268,-2.698824619,-2.081459787,22.43445388,30
"V._buchananii",309,257,73,16,0.647449761,53856,0.006793558,0.143036798,0.763514458,0.804619488,0.166243318,0.197813641,0.907968211,0.948159547,0.006042027,0.018894523,0.132598693,0.197223379,0.772007832,0.778947373,1.478845885,1.510215502,0.04251555,0.046999867,0.093290097,0.093484776,0.388985234,0.425086933,0.727655111,1.009153358,-9.660322101,-2.84816011,28.17572291,30.2309744,8.145943032,9.692888078,90.79682108,94.81595465,0.006042027,0.018894523,-9.033058806,-6.124947959,77.2007832,77.89473732,100,100,0.04251555,0.046999867,-15.80194565,-15.7931851,-2.495664461,-0.871088034,17.74448001,30
"V._calcicola",43,50,0,0,0.813709954,10925,0.038570684,0.26573217,0.549499741,0.574570099,0.2464281,0.250885893,0.410035632,0.636847757,0.317514606,0.321942412,0.302672871,0.361405268,0.992883744,0.997853683,2.171986564,2.401492092,0.041012809,0.042605894,0.364459177,0.407874379,0.934484226,1.07799013,0.601574129,0.614946018,-8.071465821,3.286608514,17.47498704,18.72850493,12.07499534,12.29342709,41.00356316,63.6847757,0.317514606,0.321942412,-1.379720787,1.263237062,99.28837439,99.78536833,100,100,0.041012809,0.042605894,-3.599337021,-1.645652937,22.05179016,25,12.07083581,12.67257079
"V._cheesemanii",119,109,21,6,0.598641479,47423,0.172306071,0.350911799,0.507517193,0.561743041,0.715012454,0.774535752,0.972990216,0.99564223,0.279478953,0.310943268,0.176856291,0.323027726,0.379730697,0.473656859,1.323372787,1.519333634,0.014561354,0.044221793,0.355622112,0.65473977,1.790620076,1.955364425,0.538506141,0.588315207,-1.384696471,7.545589946,15.37585963,18.08715207,35.0356172,37.95225737,97.2990216,99.56422304,0.279478953,0.310943268,-7.0414669,-0.46375234,37.97306972,47.36568589,100,100,0.014561354,0.044221793,-3.997004963,9.463289667,25,25,9.232776334,11.4741843
"V._chionohebe",26,37,3,6,0.668505029,12256,0.070914498,0.198077499,0.481300533,0.720656971,0.198402099,0.19936517,0.358502671,0.498703552,0.111284599,0.440881243,0.092926012,0.400589634,0.069667034,0.271699071,1.064540798,1.129864793,0.012485587,0.114287056,0.002499264,0.043984883,0.319503282,0.432821737,0.798044456,0.843767358,-6.454275113,-0.096125048,14.06502665,26.03284854,9.721722493,9.76891295,35.85026713,49.87035523,0.111284599,0.440881243,-10.81832947,3.026533527,6.966703404,27.16990708,100,100,0.012485587,0.114287056,-19.88753312,-18.02068026,-5.62235233,-0.523021833,20.91200053,22.96953112
"V._ciliolata",136,133,17,11,0.770475307,44171,0.271396574,0.271480966,1.097470392,1.347038521,0.074086023,0.135417802,0.28684003,0.596871583,0.230631329,0.560491848,0.195118563,0.217112357,0.956726238,1.001916479,1.952319903,2.125332917,0.038301474,0.039733257,0.032678855,0.039879722,0.38743416,0.480792075,0.676755003,0.690791189,3.569828719,3.574048284,40,40,3.630237823,6.635493487,28.68400304,59.68715831,0.230631329,0.560491848,-6.219664647,-5.229943915,95.67262385,100,100,100,0.038301474,0.039733257,-18.52945151,-18.2054125,-2.565462778,1.635643391,15.45397514,16.08560353
"V._cockayneana",138,119,21,2,0.290521805,37966,0.1639667,0.210384919,1.068373221,1.277676386,0.174905877,0.20934137,0.141482512,0.349707785,0.287232935,0.291876901,0.296276783,0.297595717,0.990589026,0.996654424,2.235292235,2.480587782,0.005280808,0.046640201,0.117368512,0.209855166,0.573928726,0.619433519,0.467429772,0.520298538,-1.80166499,0.519245943,40,40,8.570408199,10.25774649,14.14825124,34.97077854,0.287232935,0.291876901,-1.667544782,-1.608192735,99.0589026,99.66544241,100,100,0.005280808,0.046640201,-14.71841698,-10.55651751,5.826792657,7.874508355,6.034339745,8.413434211
"V._colensoi",101,92,18,0,0.291538731,77725,0.23623395,0.238809114,0.441773493,0.548782703,0.698996598,0.787870932,0.370170148,0.578732946,0.21467388,0.403812185,0.429701284,0.455328786,0.567229587,0.681579595,1.631983276,1.72146989,0.009181554,0.02790947,0.385847718,0.527366684,0.716993736,0.92194385,0.500679927,0.553348686,1.811697498,1.940455703,12.08867466,17.43913513,34.25084068,38.60568084,37.01701485,57.87329464,0.21467388,0.403812185,4.336557768,5.489795364,56.72295874,68.1579595,100,100,0.009181554,0.02790947,-2.636852694,3.731500765,12.2647181,21.48747326,7.5305967,9.900690859
"V._colostylis",109,96,24,10,0.611093049,64687,0.295947294,0.410360426,1.96909862,2.124030889,0.499510328,0.506393277,0.822101388,1.000121243,0.022689964,0.085379799,0.506874892,0.521140821,0.829627141,1.000665167,2.5072986,2.698743172,0.046067869,0.046102036,0.371123991,0.371596366,0.425047812,0.489460876,1.052928761,1.257458523,4.797364677,10.5180213,40,40,24.47601832,24.81328268,82.21013882,100,0.022689964,0.085379799,7.809370161,8.451336951,82.96271407,100,100,100,0.046067869,0.046102036,-3.299420383,-3.27816353,-0.87284844,2.025739436,30,30
"V._corriganii",241,190,60,8,0.635365043,76563,0.183535098,0.321122518,0.599846521,0.756081361,0.271407741,0.273278077,0.295107787,0.361321162,0.290044766,0.462843991,0.373698282,0.379088617,0.760914861,0.998970101,1.395993833,1.691598061,0.002399189,0.015386172,0.198991319,0.21711158,0.758596722,0.76625473,0.755796791,0.759613474,-0.823245092,6.056125923,19.99232603,27.80406804,13.29899714,13.39064359,29.51077873,36.13211617,0.290044766,0.462843991,1.816422669,2.058987749,76.09148615,99.89701014,100,100,0.002399189,0.015386172,-11.04539062,-10.22997891,14.13685248,14.48146287,19.01085561,19.18260635
"V._cryptomorpha",60,64,6,2,0.614393124,20280,0.09911761,0.118567781,1.47909117,1.678190406,0.910365538,0.910370016,0.867864117,0.960118519,0.173278572,0.276111214,0.066165081,0.228154659,0.673467823,0.796173166,2.27107574,2.360111293,0.004914824,0.017489864,0.216212597,0.444914458,0.603763371,0.929854802,0.694782354,0.703559912,-5.044119494,-4.071610944,40,40,44.60791357,44.60813296,86.78641167,96.01185194,0.173278572,0.276111214,-12.02257136,-4.733040343,67.34678232,79.61731665,100,100,0.004914824,0.017489864,-10.27043312,0.021150609,7.169351684,21.84346607,16.26520591,16.66019605
"V._cupressoides",80,68,22,8,0.592073146,72770,0.448152528,0.449885869,0.614393067,0.620809199,0.402891209,0.403046179,0.383797938,0.508218489,0.133807203,0.376005865,0.036158422,0.345424584,0.714560601,0.723545986,1.510150534,1.733730958,0.021891061,0.05761842,0.367589935,0.376323558,0.429678091,0.464295473,0.647984211,0.648417364,12.40762641,12.49429345,20.71965333,21.04045996,19.74168386,19.74927737,38.37979376,50.82184893,0.133807203,0.376005865,-13.372871,0.544106296,71.45606012,72.35459857,100,100,0.021891061,0.05761842,-3.458452938,-3.065439874,-0.664485886,0.893296289,14.15928948,14.17878139
"V._decora",345,245,115,9,0.291611129,61671,0.249843168,0.296783557,1.422203614,1.49410122,0.345886306,0.3467581,0.836830528,0.954796099,0.128510832,0.410516087,0.367540232,0.368783908,0.907421041,0.934535369,2.443963636,2.659079732,0.021217299,0.035785895,0.097745375,0.317644511,0.406602754,0.464325083,0.52936021,0.784373316,2.492158384,4.839177875,40,40,16.94844501,16.9911629,83.68305275,95.47960987,0.128510832,0.410516087,1.53931046,1.59527588,90.7421041,93.45353692,100,100,0.021217299,0.035785895,-15.60145815,-5.705996996,-1.702876072,0.894628714,8.821209454,20.29679924
"V._decumbens",166,130,40,1,0.291553668,41769,0.024995719,0.172056019,0.300033395,0.434498786,0.356135925,0.364327932,0.439206441,0.58859395,0.082187409,0.082293025,0.347393564,0.441944237,0.434217283,0.568016948,2.23512378,2.329333374,0.000856647,0.042538805,0.507565474,0.602667643,1.595947349,1.79374744,0.870492223,1.185330406,-8.750214053,-1.397199059,5.001669767,11.72493931,17.45067608,17.85208422,43.92064409,58.85939497,0.082187409,0.082293025,0.632710402,4.887490652,43.42172834,56.80169479,100,100,0.000856647,0.042538805,2.840446326,7.120043915,25,25,24.17215005,30
"V._densifolia",133,120,20,4,0.521370003,33733,0.140210087,0.287825016,0.572111756,0.573371337,0.060608399,0.267536208,0.246224203,0.42939319,0.225430874,0.315396613,0.231046633,0.233319397,0.129483968,0.386655048,1.005557234,1.254826968,0.028506868,0.058021556,0.090631116,0.193653482,0.310708624,0.416221464,0.812251051,1.103525463,-2.989495641,4.391250788,18.60558778,18.66856684,2.969834582,13.10929212,24.62242028,42.93931901,0.225430874,0.315396613,-4.602901514,-4.500627122,12.94839679,38.66550484,100,100,0.028506868,0.058021556,-15.9215998,-11.28559329,-6.018111902,-1.270034106,21.5512973,30
"V._diosmifolia",71,76,4,1,0.848733093,14166,0.292971443,0.459517147,1.87774974,2.152570923,0.218356672,0.321395875,0.362030538,0.603173312,0.308320222,0.319530794,0.556157027,0.557435679,0.464533147,0.544496204,1.923574025,2.18311663,0.026768597,0.037910399,0.585693578,0.611418099,1.010925101,1.169009618,0.749662577,0.750800475,4.648572129,12.97585736,40,40,10.69949609,15.74841449,36.20305377,60.31733115,0.308320222,0.319530794,10.02706623,10.08460558,46.45331469,54.4496204,100,100,0.026768597,0.037910399,6.356211002,7.513814466,25,25,18.73481597,18.78602138
"V._elliptica",66,31,39,0,0.271467372,138837,0.509367497,0.605852863,1.288980951,1.490269205,0.429679368,0.46026343,0.587751783,0.69876689,0.129016502,0.455869857,0.412827072,0.576519806,0.6028743,0.877374973,2.423539494,2.587646515,0.027460906,0.047795987,0.040148921,0.313196969,0.513354319,0.565364065,0.713360389,0.774306409,15.46837483,20.29264313,40,40,21.05430302,22.55292129,58.77517834,69.876689,0.129016502,0.455869857,3.577218228,10.94339129,60.28742995,87.7374973,100,100,0.027460906,0.047795987,-18.19329855,-5.9061364,3.100944362,5.44138293,17.10121751,19.8437884
"V._epacridea",319,251,79,11,0.442050188,54130,0.058592803,0.058608771,0.269451141,0.42736325,0.226660444,0.247905243,0.747779036,0.89314583,0.01028119,0.266542503,0.283694342,0.396440268,0.823639022,0.905675954,2.214294477,2.266549141,0.027748506,0.031931032,0.061609729,0.391283446,0.468998417,0.47100907,0.863844083,1.071293358,-7.070359872,-7.069561459,3.472557039,11.3681625,11.1063807,12.14737536,74.77790364,89.31458296,0.01028119,0.266542503,-2.233754594,2.839812067,82.36390225,90.5675954,100,100,0.027748506,0.031931032,-17.22756221,-2.392244937,1.104928766,1.195408143,23.87298374,30
"V._evenosa",33,39,1,1,0.6733875,28019,0.216141667,0.320474342,2.040343141,2.220730832,0.241902577,0.250798357,0.366489839,0.496813819,0.173271693,0.173313814,0.334895041,0.473596242,0.900683688,0.999932823,1.380086523,1.497151578,0.026035822,0.133331311,0.052246322,0.330853679,0.63341105,0.644340644,0.51775874,0.842360414,0.807083374,6.02371711,40,40,11.85324483,12.28913784,36.64898386,49.68138189,0.173271693,0.173313814,0.070276855,6.311830879,90.06836878,99.99328228,100,100,0.026035822,0.133331311,-17.64891553,-5.111584444,8.503497228,8.995328966,8.299143301,22.90621862
"V._flavida",39,38,2,0,0.713694693,22248,0.393477288,0.438658446,0.670019987,0.854466004,0.312555788,0.313474436,0.301046108,0.563379263,0.174517383,0.174681978,0.562210703,0.571200552,0.970012138,0.971677696,1.938076494,2.215864087,0.069098848,0.070053334,0.495473966,0.57281727,0.704722749,0.705816263,0.734201718,0.734803052,9.673864398,11.93292228,23.50099937,32.72330022,15.31525047,15.36026416,30.10461077,56.33792634,0.174517383,0.174681978,10.29948161,10.70402483,97.00121377,97.16776956,100,100,0.069098848,0.070053334,2.296328465,5.776777163,11.71252371,11.76173181,18.03907731,18.06613736
"V._gibbsii",31,37,3,0,0.61730304,37909,0.146392777,0.182758142,1.011086988,1.189362466,0.91036385,0.910363923,0.758091783,0.864501991,0.058740062,0.065010526,0.28007937,0.305866033,0.600283074,0.667540556,1.82078103,2.050525867,0.003202177,0.031185037,0.086343284,0.331776418,0.738081963,0.887187175,0.652634413,0.947181365,-2.680361164,-0.862092879,40,40,44.60783083,44.60783445,75.80917828,86.4501991,0.058740062,0.065010526,-2.396428352,-1.236028519,60.02830743,66.75405563,100,100,0.003202177,0.031185037,-16.11455223,-5.070061191,13.21368832,19.92342287,14.36854858,27.62316142
"V._glaucophylla",94,103,7,13,0.621032885,37785,0.168459283,0.478188659,1.436030561,1.57720503,0.910170729,0.910388801,0.781533478,0.86839009,0.060746148,0.060996512,0.335726184,0.337736675,0.592356593,0.699786861,1.595002833,1.85904755,0.001795553,0.043453405,0.105183366,0.326838937,0.653397856,0.838866888,0.647902435,0.892774854,-1.577035828,13.90943293,40,40,44.59836792,44.60905344,78.15334783,86.83900899,0.060746148,0.060996512,0.107678295,0.198150388,59.23565932,69.97868605,100,100,0.001795553,0.043453405,-15.26674853,-5.29224784,9.402903518,17.74900997,14.1556096,25.17486841
"V._haastii",64,69,11,7,0.621851617,29450,0.031368884,0.134370772,0.267091929,0.419367298,0.240880168,0.24089556,0.798183329,1.001389616,0.035622653,0.303736907,0.281458026,0.387082488,0.847699487,0.958649467,1.390175876,1.533639743,0.03890373,0.051989673,0.025307112,0.353392377,0.47762438,0.619260392,1.0977825,1.352698312,-8.431555809,-3.28146138,3.354596464,10.96836489,11.80314682,11.80390101,79.81833294,100,0.035622653,0.303736907,-2.334388834,2.418711944,84.76994873,95.86494673,100,100,0.03890373,0.051989673,-18.86117995,-4.09734304,1.493097115,7.866717624,30,30
"V._hectorii",704,601,149,46,0.637377874,46862,0.237509879,0.240064846,1.276810833,1.488869509,0.220247494,0.243877446,0.923415941,0.958799994,0.173121151,0.352963006,0.191324951,0.361798518,0.949701939,0.983159643,2.553573209,2.7873559,0.033178073,0.040582411,0.081135631,0.274699811,0.407210146,0.449887273,0.678073108,0.693109645,1.875493952,2.003242295,40,40,10.79214633,11.95001336,92.34159414,95.87999942,0.173121151,0.352963006,-6.39037721,1.280933316,94.97019386,98.31596431,100,100,0.033178073,0.040582411,-16.34889658,-7.638508491,-1.675543413,0.244927273,15.51328986,16.18993403
"V._hookeri",318,277,63,16,0.630062959,48165,0.084696111,0.300377914,0.543794087,0.57610646,0.002244046,0.268499042,0.789728266,0.94958206,0.313257723,0.318839048,0.101539003,0.138089795,0.946017812,0.979479802,2.391322647,2.553742783,0.035974029,0.041388768,0.271604085,0.309424993,1.447857449,1.515872916,0.599978486,0.604739341,-5.765194435,5.018895719,17.18970435,18.805323,0.109982677,13.15647096,78.97282664,94.95820598,0.313257723,0.318839048,-10.43074489,-8.785959221,94.60178118,97.94798021,100,100,0.035974029,0.041388768,-7.777816176,-6.075875314,25,25,11.99903189,12.21327036
"V._hookeriana",171,147,43,18,0.448866198,46994,0.040386358,0.255902755,1.092304039,1.319823233,0.389774455,0.390175089,0.989889192,0.990963402,0.189513299,0.503563903,0.369105501,0.369181187,0.889909175,0.890072831,1.530203356,1.794669929,0.017045301,0.054008029,0.128043325,0.188386955,0.44659238,0.568242811,0.622250932,0.789085476,-7.980682083,2.795137755,40,40,19.09896323,19.11859429,98.98891924,99.09634019,0.189513299,0.503563903,1.609747562,1.613153423,88.99091754,89.00728315,100,100,0.017045301,0.054008029,-14.23805037,-11.52258702,0.096657118,5.570926478,13.00129195,20.50884643
"V._hulkeana",113,114,6,4,0.291571606,19795,0.024651433,0.036650186,0.31474676,0.591620075,0.704296734,0.704817431,0.796120035,1.123765483,0.07657537,0.102547215,0.476843126,0.773308324,0.385341701,0.461597463,0.604605611,0.930848324,0.00534343,0.070397089,0.356849806,0.475931803,0.863769002,0.938101067,0.746375898,0.848174367,-8.767428349,-8.167490722,5.73733799,19.58100374,34.51054721,34.53606133,79.61200351,100,0.07657537,0.102547215,6.457940663,19.79887458,38.53417007,46.1597463,60.46056108,93.08483242,0.00534343,0.070397089,-3.941758715,1.416931127,18.86960511,22.21454802,18.5869154,23.1678465
"V._kellowiae",23,30,0,2,0.73837377,4429,0.000257811,0.216779053,0.334564148,0.357618563,0.231682514,0.241079752,0.445732277,0.52026042,0.115640151,0.41341199,0.308998469,0.310034582,0.375739253,0.406836475,1.01264185,1.143231139,0.039718817,0.051986548,0.328930097,0.330060979,0.684628123,0.815929335,0.586015328,0.586611482,-9.98710944,0.838952634,6.728207401,7.880928156,11.35246201,11.81292646,44.57322773,52.02604204,0.115640151,0.41341199,-1.095068908,-1.048443789,37.57392529,40.68364747,100,100,0.039718817,0.051986548,-5.198145645,-5.14725593,10.80826553,16.7168201,11.37068977,11.39751671
"V._lanceolata",542,277,283,9,0.291568629,168873,0.316275423,0.324631916,1.111098511,1.199148792,0.619624692,0.619905084,0.341781107,0.516081399,0.053029408,0.121465831,0.540618294,0.699891478,0.787526793,0.982477234,2.538728819,2.774904856,0.019081844,0.080105068,0.469967486,0.550860979,0.572321955,0.582654638,0.726087333,0.731043302,5.813771146,6.231595798,40,40,30.36161925,30.37535843,34.17811065,51.60813988,0.053029408,0.121465831,9.327823249,16.4951165,78.75267928,98.24772341,100,100,0.019081844,0.080105068,1.148536868,4.788744068,5.754487961,6.219458707,17.67392999,17.89694859
"V._ligustrifolia",46,48,2,1,0.658739496,11308,0.2329185,0.497742627,1.213146199,1.502920504,0.323433988,0.324115979,0.430518687,0.509941848,0.265891411,0.582091649,0.578209721,0.579979713,0.183170778,0.302485888,1.515565133,1.649180554,0.029690283,0.063186254,0.449456,0.555977778,1.28521986,1.509150845,0.787354298,0.788287247,1.645925011,14.88713133,40,40,15.848282,15.88169955,43.05186865,50.99418483,0.265891411,0.582091649,11.01943746,11.09908707,18.31707785,30.24858878,100,100,0.029690283,0.063186254,0.225519989,5.019000022,25,25,20.43094342,20.47292611
"V._lyallii",841,785,255,191,0.633607386,66271,0.272785805,0.328986827,0.766927049,0.846612309,0.220534441,0.224688003,0.912225934,0.996180968,0.231540929,0.451071951,0.347682551,0.3944537,0.588376059,0.904240059,2.262251223,2.440749794,0.0389375,0.041677745,0.10580181,0.10914453,0.453056422,0.525994017,0.691802941,0.847973708,3.639290252,6.449341351,28.34635246,32.33061545,10.8062067,11.00973116,91.22259336,99.61809684,0.231540929,0.451071951,0.645714816,2.750416489,58.83760587,90.42400594,100,100,0.0389375,0.041677745,-15.23891855,-15.08849616,0.387539006,3.669730773,16.13113235,23.15881684
"V._lycopodioides",554,436,154,27,0.632602647,45112,0.132619545,0.241166241,0.539365704,0.60788568,0.204455175,0.221032805,0.668023513,0.8740963,0.138194504,0.360516564,0.213673216,0.32445958,0.726902318,0.749719732,1.731283777,1.846232215,0.015269058,0.05210585,0.044504232,0.252807818,0.384414992,0.449671813,0.600168382,0.60122762,-3.369022739,2.058312036,16.96828518,20.39428398,10.01832307,10.83062653,66.80235125,87.40963004,0.138194504,0.360516564,-5.384705298,-0.399318905,72.69023175,74.97197319,100,100,0.015269058,0.05210585,-17.99730956,-8.623648208,-2.701325355,0.235231583,12.00757718,12.0552429
"V._maccaskillii",36,38,2,1,0.745154422,17526,0.165652472,0.389563559,0.585481844,0.5885775,0.226110484,0.227121711,0.661917282,0.709888632,0.094410984,0.094552239,0.56231577,0.576574846,0.137796658,0.21102444,0.599742472,0.628266029,0.046426184,0.047320563,0.444109402,0.474912164,1.276690922,1.310838371,0.686547026,0.68815983,-1.717376403,9.478177968,19.27409221,19.428875,11.07943266,11.12898276,66.19172824,70.9888632,0.094410984,0.094552239,10.30420966,10.94586809,13.77966584,21.10244399,59.9742472,62.82660294,0.046426184,0.047320563,-0.015076915,1.371047376,25,25,15.89461616,15.96719234
"V._macrantha",374,356,64,41,0.644661281,41258,0.203325111,0.363463299,1.149573572,1.407434199,0.21891695,0.219055768,0.9952662,0.999948118,0.285216389,0.525614638,0.163694072,0.343022915,0.823931307,0.829854886,1.68886011,1.858871965,0.024474525,0.042509511,0.104011708,0.272156007,0.488123791,0.637257499,0.576221546,0.647269602,0.166255534,8.17316494,40,40,10.7269497,10.73375178,99.52661995,99.99481176,0.285216389,0.525614638,-7.633766747,0.436031154,82.39313065,82.98548855,100,100,0.024474525,0.042509511,-15.31947313,-7.752979693,1.965570575,8.676587433,10.92996955,14.12713208
"V._macrocalyx",212,196,24,0,0.290702998,33389,0.14341326,0.219971531,1.395461447,1.557299891,0.910248106,0.910261225,0.62487698,0.816379259,0.256057276,0.25964395,0.308593564,0.309495171,0.988880286,0.993661341,2.683737081,2.939669161,0.002786878,0.044170297,0.22331187,0.269156172,0.662354145,0.777141383,0.758029153,0.905886816,-2.829337017,0.998576541,40,40,44.60215939,44.6028022,62.48769798,81.63792595,0.256057276,0.25964395,-1.11328962,-1.072717297,98.8880286,99.36613414,100,100,0.002786878,0.044170297,-9.950965828,-7.887972249,9.805936517,14.97136222,19.11131189,25.76490672
"V._macrocarpa",193,187,23,8,0.664716183,35087,0.103183028,0.171226856,0.629979328,0.726420505,0.574870509,0.580075853,0.227242069,0.320155571,0.246609174,0.252418167,0.541021364,0.569065352,0.638177855,0.968177792,2.406900437,2.670507547,0.001012418,0.055961542,0.316210564,0.490207501,1.373823353,1.585609292,0.781215398,0.839512693,-4.840848577,-1.438657205,21.49896638,26.32102523,28.16866533,28.42372708,22.7242069,32.01555708,0.246609174,0.252418167,9.345961358,10.60794083,63.81778547,96.81777916,100,100,0.001012418,0.055961542,-5.770524607,2.059337553,25,25,20.1546929,22.77807117
"V._masoniae",118,113,7,2,0.623508089,5812,0.090868996,0.267635044,0.488107215,0.497534458,0.372122178,0.376259567,0.831120233,0.870789423,0.288225794,0.288701216,0.305566024,0.383109703,0.982487141,0.999092942,1.054443632,1.057771767,0.041338215,0.043218817,0.357367215,0.373631023,0.866076201,1.057817107,0.65121507,0.651433896,-5.456550205,3.381752196,14.40536074,14.87672291,18.23400211,18.43673407,83.11202329,87.07894232,0.288225794,0.288701216,-1.249528909,2.239936622,98.24871412,99.90929423,100,100,0.041338215,0.043218817,-3.918475304,-3.186603976,18.97342904,25,14.30467814,14.31452534
"V._melanocaulon",76,67,13,0,0.291548141,64133,0.37890575,0.382123618,0.387019227,0.587299601,0.684394014,0.771019577,0.362095155,0.518821092,0.069416058,0.112797795,0.374477751,0.545529512,0.584116852,0.588773399,0.874556214,0.994177528,0.02478696,0.051988038,0.175470818,0.401225773,1.164206454,1.210355863,0.49876063,0.638130737,8.945287499,9.106180891,9.350961342,19.36498005,33.53531443,37.77996487,36.20951548,51.88210925,0.069416058,0.112797795,1.851498809,9.54882804,58.41168524,58.87733988,87.45562136,99.41775278,0.02478696,0.051988038,-12.1038132,-1.944840193,25,25,7.444228334,13.71588315
"V._mooreae",202,198,22,17,0.682280986,59718,0.302474317,0.302988969,1.032652816,1.160295434,0.022926314,0.193864337,0.493223817,0.659091796,0.30253988,0.338429647,0.274257002,0.351874726,0.697127024,1.014548051,1.722392964,1.905242658,0.005561712,0.009826727,0.262215013,0.492098318,0.670564834,0.944799301,0.587029986,0.657320803,5.123715834,5.149448454,40,40,1.123413331,9.499372257,49.32238172,65.90917964,0.30253988,0.338429647,-2.658434904,0.834362667,69.71270241,100,100,100,0.005561712,0.009826727,-8.200324419,2.144424328,10.17541755,22.51596854,11.41634938,14.57943614
"V._murrellii",39,38,2,1,0.592308177,21452,0.167477505,0.234787481,1.020962669,1.200750794,0.162777856,0.19352959,0.537972411,0.743023397,0.318720381,0.318995079,0.28436303,0.289215245,0.949263952,0.999978176,2.618112827,2.783932722,0.021226486,0.044048925,0.149569262,0.31424219,1.192338717,1.290840483,0.564427624,0.564445397,-1.626124745,1.739374045,40,40,7.976135466,9.482969692,53.79724108,74.3023397,0.318720381,0.318995079,-2.203663635,-1.985313972,94.9263952,99.99781761,100,100,0.021226486,0.044048925,-13.26938322,-5.859101464,25,25,10.39924309,10.40004288
"V._notialis",33,39,1,0,0.828791386,16688,0.099851816,0.199795283,1.175264224,1.319670516,0.075276018,0.119254727,0.202009847,0.320545435,0.310391502,0.318135562,0.217464803,0.276944891,0.968190524,0.974873763,1.056846267,1.296187517,0.028970144,0.045472591,0.307312745,0.389103912,1.389874719,1.518286358,0.542918927,0.543676107,-5.007409192,-0.010235866,40,40,3.688547558,5.843503201,20.2009847,32.05454352,0.310391502,0.318135562,-5.214083872,-2.537479898,96.81905244,97.48737626,100,100,0.028970144,0.045472591,-6.170926474,-2.490323947,25,25,9.431351706,9.4654248
"V._obtusata",14,20,0,0,0.489123194,10182,0.268677896,0.448218304,1.474043084,1.547521042,0.179590681,0.288787526,0.289362915,0.526008073,0.27574891,0.275865591,0.538894517,0.539588904,0.700091013,0.749538774,1.76486109,1.864655697,0.073575324,0.084348538,0.517034639,0.5357243,1.380326512,1.638742726,0.934341882,1.139505747,3.433894791,12.41091521,40,40,8.799963483,14.15060618,28.93629148,52.60080731,0.27574891,0.275865591,9.250253253,9.281500658,70.0091013,74.95387742,100,100,0.073575324,0.084348538,3.266558745,4.107593493,25,25,27.0453847,30
"V._odora",1454,1042,478,59,0.589485202,88662,0.26204186,0.265955203,0.328038063,0.425110629,0.067109317,0.202598951,0.504658054,0.693684787,0.192995971,0.300334023,0.270467614,0.406940487,0.800177846,0.931970308,1.885874227,2.017672289,0.028176875,0.053942755,0.048440139,0.250405691,0.424270742,0.554421907,0.579495096,0.704981532,3.102092992,3.297760161,6.401903129,11.25553143,3.288379382,9.927368128,50.46580539,69.3684787,0.192995971,0.300334023,-2.828957348,3.312321914,80.0177846,93.19703082,100,100,0.028176875,0.053942755,-17.82019376,-8.731743902,-0.907816621,4.94898583,11.07727933,16.72416894
"V._pareora",16,18,2,0,0.251052742,24169,0.274786496,0.334078919,1.858422473,2.071685882,0.111524397,0.236942676,0.56874298,0.600430824,0.264300737,0.264925323,0.164995263,0.438825056,0.628191824,0.630646554,0.854690901,1.031999355,0.009923226,0.028808047,0.291565151,0.389112698,0.845486673,1.051015018,0.609653281,0.808510384,3.739324789,6.703945932,40,40,5.464717217,11.61020984,56.874298,60.04308244,0.264300737,0.264925323,-7.575213176,4.747127513,62.81918237,63.06465543,85.46909008,100,0.009923226,0.028808047,-6.879568201,-2.489928576,18.04690029,25,12.43439765,21.38296726
"V._parviflora",300,115,185,0,0.275080536,65144,0.116854355,0.213619266,0.438464216,0.645522951,0.370682729,0.530293464,0.368064358,0.415794142,0.136698125,0.214766579,0.48266797,0.572419028,0.661277719,0.857866924,1.16297069,1.382103665,0.024585113,0.035944403,0.582828954,0.762666957,0.772670035,0.824950469,0.621613079,0.622032276,-4.157282258,0.680963293,11.92321078,22.27614754,18.16346912,25.98439122,36.80643579,41.57941417,0.136698125,0.214766579,6.720058669,10.75885624,66.12777185,85.78669242,100,100,0.024585113,0.035944403,6.227302935,14.32001306,14.77015158,17.12277111,12.97258854,12.99145241
"V._pauciramosa",279,246,64,26,0.655929987,64172,0.226001217,0.22607249,0.550102893,0.632368762,0.196229459,0.196231644,0.18477158,0.352562694,0.14032352,0.310881229,0.304920796,0.435824015,0.941363607,0.960246714,2.222586156,2.477628334,0.001221085,0.043679858,0.331254584,0.331520318,0.431112857,0.44301659,0.761615373,0.81838359,1.300060843,1.303624492,17.50514464,21.61843809,9.615263164,9.615370258,18.47715797,35.2562694,0.14032352,0.310881229,-1.27856417,4.612080663,94.13636072,96.02467139,100,100,0.001221085,0.043679858,-5.093543724,-5.081585675,-0.59992144,-0.064253468,19.2726918,21.82726154
"V._pentasepala",52,57,3,0,0.310054113,32738,0.20316886,0.357995504,1.561581009,1.85276982,0.910384073,0.910384984,0.708695274,0.769103738,0.018442073,0.054734771,0.333747577,0.334745883,0.585281163,0.586713764,1.027364803,1.230031801,0.043037322,0.04367553,0.208486557,0.252627218,1.382768413,1.611114279,0.716739951,0.932594993,0.158442981,7.899775179,40,40,44.60882176,44.60886643,70.86952735,76.91037378,0.018442073,0.054734771,0.018640987,0.063564749,58.52811626,58.6713764,100,100,0.043037322,0.04367553,-10.61810495,-8.63177519,25,25,17.2532978,26.96677469
"V._perbella",17,20,0,0,0.493364366,10839,0.053462903,0.243055467,1.053533335,1.102280164,0.184918284,0.281458265,0.380292526,0.577826688,0.302487266,0.302487292,0.5269651,0.528197795,0.710017067,0.714587439,2.357610616,2.474762095,0.014628453,0.065581401,0.532812882,0.56520151,0.89402515,1.166963106,0.786483958,1.011993854,-7.326854842,2.152773337,40,40,9.061015887,13.79147259,38.02925259,57.78266883,0.302487266,0.302487292,8.713429505,8.768900779,71.00170675,71.45874394,100,100,0.014628453,0.065581401,3.976579689,5.434067947,20.23113173,25,20.39177812,30
"V._petriei",52,51,9,1,0.39750277,17914,0.062726399,0.068446557,0.550505849,0.55154229,0.034118045,0.134554425,0.554988163,0.840417395,0.190702739,0.191049864,0.041823714,0.160497246,0.991492972,0.998833254,2.215009724,2.456191981,0.027534936,0.076626772,0.031873338,0.043380028,0.298954067,0.433352702,0.575976161,0.734453731,-6.863680041,-6.577672145,17.52529244,17.57711451,1.671807876,6.593188037,55.49881632,84.04173953,0.190702739,0.191049864,-13.11793285,-7.77762392,99.14929717,99.88332542,100,100,0.027534936,0.076626772,-18.56569981,-18.04789874,-6.547066996,-0.499128422,10.91892727,18.05041788
"V._phormiiphila",34,39,1,1,0.706648443,14146,0.12905664,0.191140084,1.098814043,1.113300374,0.201639112,0.207783673,0.980217197,0.996577058,0.153502163,0.174573612,0.470223897,0.470564867,0.980039466,1.033079033,1.129448556,1.431072728,0.01046104,0.088369865,0.061345682,0.215394171,0.94213659,1.077219005,0.71394024,0.715387725,-3.547168005,-0.442995788,40,40,9.880336071,10.18141939,98.02171974,99.65770579,0.153502163,0.174573612,6.160075381,6.175419016,98.00394659,100,100,100,0.01046104,0.088369865,-17.23944431,-10.3072623,22.39614655,25,17.12731082,17.19244765
"V._pimeleoides",182,182,48,47,0.632071088,49789,0.060303099,0.329406605,0.989683203,1.253373437,0.200824445,0.27336889,0.345983544,0.354469258,0.064371821,0.305414794,0.452721043,0.509749357,0.027282912,0.190528038,0.897898616,1.032451451,0.00348755,0.058495393,0.002067781,0.133646339,0.419101868,0.454387933,0.900218257,1.017056837,-6.984845058,6.47033025,39.48416014,40,9.840417397,13.3950934,34.59835443,35.44692582,0.064371821,0.305414794,5.372446945,7.93872105,2.728291164,19.05280383,89.78986162,100,0.00348755,0.058495393,-19.90694984,-13.98591475,-1.140415922,0.447456983,25.50982156,30
"V._pinguifolia",447,387,103,36,0.639857418,55566,0.065038373,0.184358001,0.791791506,1.03884499,0.236232447,0.237085278,0.860899581,0.86791308,0.118736804,0.327641125,0.122674937,0.216018218,0.928553366,0.932459801,2.579214269,2.714578485,0.038251518,0.051542167,0.000253992,0.258896414,0.392756939,0.45027135,0.821699411,1.04173496,-6.748081343,-0.78209996,29.58957531,40,11.5754086,11.6171973,86.08995808,86.79130805,0.118736804,0.327641125,-9.479627823,-5.279180176,92.85533656,93.24598012,100,100,0.038251518,0.051542167,-19.98857035,-8.349661348,-2.325937746,0.262210741,21.9764735,30
"V._planopetiolata",39,33,7,0,0.293885635,33266,0.123840742,0.125202942,0.708780134,0.933604969,0.230893671,0.231606153,0.118606246,0.247553822,0.281633229,0.281668396,0.170749775,0.187242878,0.916319696,0.999985404,1.475756939,1.704054697,0.046559412,0.046961749,0.055590073,0.111948513,0.355453051,0.470999722,0.680639919,0.8005698,-3.807962901,-3.739852895,25.43900668,36.68024844,11.31380874,11.34872032,11.86062459,24.75538218,0.281633229,0.281668396,-7.316260107,-6.5740705,91.63196959,99.99854042,100,100,0.046559412,0.046961749,-17.4984467,-14.96231692,-4.004612721,1.19498747,15.62879637,21.02564098
"V._poppelwellii",63,64,6,1,0.675816803,23085,0.125682449,0.140445353,0.485791715,0.548114721,0.018212929,0.198430019,0.2373187,0.431713498,0.245375421,0.245604905,0.284453527,0.287288684,0.688684154,0.73692015,1.268859865,1.378780832,0.014401087,0.06173572,0.006421962,0.260583235,0.401885916,0.402262325,0.469481953,0.588805508,-3.715877567,-2.977732361,14.28958573,17.40573605,0.892457586,9.723090562,23.73187,43.17134977,0.245375421,0.245604905,-2.199591269,-2.072009198,68.86841537,73.692015,100,100,0.014401087,0.06173572,-19.7110117,-8.273754439,-1.915133793,-1.898195391,6.126687906,11.49624788
"V._propinqua",115,102,18,4,0.497685419,48681,0.075189669,0.299741898,1.832098513,1.934079464,0.140022176,0.199580296,0.595117684,0.776041872,0.231581745,0.29299471,0.251130885,0.257967729,0.53831274,0.729993198,0.939338904,1.074120041,0.017941927,0.055648352,0.096172261,0.396392425,0.398767021,0.469814631,0.664532748,0.668237091,-6.240516549,4.987094907,40,40,6.861107685,9.779454113,59.51176841,77.60418723,0.231581745,0.29299471,-3.699110171,-3.391452192,53.83127397,72.99931976,93.93389035,100,0.017941927,0.055648352,-15.67224824,-2.162340893,-2.055484066,1.141658417,14.90397365,15.07066911
"V._pubescens",40,40,0,0,0.670649205,10195,0.134954573,0.206842654,1.432315511,1.623099653,0.11140451,0.287104207,0.681664566,0.776174418,0.234710833,0.235642144,0.55946873,0.559507954,0.966900003,0.967015625,2.808967404,2.965922996,0.065065438,0.066977854,0.309716206,0.410211351,0.981973523,1.204606956,0.773489006,0.781848766,-3.252271362,0.342132698,40,40,5.458842776,14.06812362,68.16645656,77.61744176,0.234710833,0.235642144,10.17609284,10.17785791,96.69000031,96.70156245,100,100,0.065065438,0.066977854,-6.062770744,-1.540489184,24.18880855,25,19.80700525,20.18319447
"V._quadrifaria",122,100,30,0,0.434185593,65006,0.04172794,0.258985525,0.340991026,0.373804347,0.233359892,0.233793384,0.217495098,0.302246234,0.014084182,0.01754273,0.294001299,0.301963132,0.765424456,0.975931845,2.258722645,2.524018248,0.000813127,0.103568029,0.351585965,0.353325475,0.632738551,0.668656751,0.638869705,0.846661428,-7.913603016,2.949276275,7.04955131,8.69021737,11.43465348,11.45589457,21.74950978,30.22462338,0.014084182,0.01754273,-1.769941546,-1.411659062,76.54244559,97.59318449,100,100,0.000813127,0.103568029,-4.178631594,-4.100353644,8.473234773,10.08955377,13.74913671,23.09976427
"V._rakaiensis",178,146,54,21,0.536312005,80145,0.273145667,0.554727358,2.205042142,2.40378809,0.323575654,0.440038163,0.566650565,0.671510174,0.024675953,0.352087424,0.142367563,0.204302816,0.570061246,0.570146619,0.913047559,1.050619369,0.042340994,0.055541695,0.109814766,0.36358355,0.371415769,0.489506314,0.616385578,0.617752684,3.65728336,17.7363679,40,40,15.8552236,21.56188369,56.66505653,67.15101737,0.024675953,0.352087424,-8.593459668,-5.806373296,57.0061246,57.01466187,91.30475594,100,0.042340994,0.055541695,-15.05833553,-3.638740235,-3.286290373,2.027784144,12.73735101,12.79887078
"V._rivalis",51,58,2,1,0.77269635,8003,0.187015978,0.362638722,0.926328415,1.142657483,0.440667812,0.440945594,0.789996575,0.891117172,0.187183141,0.517179381,0.586666803,0.594779382,0.284436927,0.459317187,2.21448043,2.306772181,0.018695182,0.069957386,0.560513503,0.564402342,0.787030292,0.789255256,0.726667175,0.774026032,-0.649201102,8.131936081,36.31642073,40,21.59273648,21.60634778,78.9996575,89.11171719,0.187183141,0.517179381,11.40000613,11.7650722,28.44369274,45.93171867,100,100,0.018695182,0.069957386,5.223107646,5.398105407,15.41636315,15.51648653,17.70002288,19.83117143
"V._rupicola",66,70,0,3,0.621572185,7890,0.263409917,0.315242775,1.130200514,1.3170704,0.910418682,0.910421965,0.670094364,0.798155641,0.073927759,0.073948719,0.304379543,0.304430098,0.56029837,0.564029569,2.171714485,2.38605139,0.0005966,0.052000064,0.080464715,0.294664464,0.935951405,1.025440009,0.774531267,0.955084223,3.170495831,5.762138771,40,40,44.61051763,44.61067848,67.00943639,79.8155641,0.073927759,0.073948719,-1.302920558,-1.300645595,56.02983702,56.40295692,100,100,0.0005966,0.052000064,-16.37908781,-6.740099141,22.11781322,25,19.85390702,27.97879002
"V._salicifolia",1949,1737,663,442,0.61593252,83919,0.14904922,0.299376816,0.47561613,0.603855217,0.346979399,0.35250773,0.766234298,0.898796204,0.155303861,0.341598111,0.419313244,0.596962173,0.380843992,0.611866224,2.423037422,2.572836045,0.008884724,0.047058181,0.392337696,0.45393646,0.458395873,0.533659158,0.63825826,0.849437336,-2.547539014,4.968840816,13.78080649,20.19276086,17.00200657,17.27289462,76.62342979,89.87962037,0.155303861,0.341598111,3.869095963,11.86329776,38.08439917,61.18662243,100,100,0.008884724,0.047058181,-2.34480369,0.427140707,0.627814305,4.0146621,13.72162171,23.2246801
"V._salicornioides",22,28,2,0,0.313055435,27631,0.185727569,0.21824007,1.006538743,1.179636712,0.910393076,0.910393101,0.727870282,0.845741186,0.065795053,0.070008364,0.287590703,0.292457771,0.585531782,0.643500569,2.012354303,2.240065444,0.001859512,0.040576162,0.073373095,0.322310643,0.765784084,0.947472781,0.692245841,0.919860774,-0.713621555,0.912003524,40,40,44.60926292,44.60926413,72.78702824,84.57411864,0.065795053,0.070008364,-2.05841836,-1.83940029,58.55317816,64.35005691,100,100,0.001859512,0.040576162,-16.69821071,-5.496021068,14.46028376,22.63627515,16.15106283,26.39373484
"V._scopulorum",36,40,0,0,0.483965753,9259,0.25913167,0.385483778,1.116088862,1.443658377,0.159554617,0.210800261,0.168993892,0.372593113,0.245383338,0.246093297,0.182395894,0.461417149,0.849942575,0.980080507,2.326172455,2.403153517,0.096873284,0.097192551,0.253766435,0.336420164,0.836670573,0.990453399,0.744838334,0.7520914,2.956583515,9.27418891,40,40,7.818196838,10.32923212,16.89938919,37.25931134,0.245383338,0.246093297,-6.792184782,5.763771708,84.99425752,98.00805071,100,100,0.096873284,0.097192551,-8.58051042,-4.8610926,17.6501758,24.57040294,18.51772505,18.84411302
"V._senex",20,20,0,0,0.480571403,6915,0.06088859,0.181761905,0.763577292,0.942897482,0.062074275,0.160801977,0.405630073,0.456249757,0.302395077,0.303053595,0.481781672,0.488574216,0.974989991,0.987414827,2.960928632,3.092206921,0.020024633,0.021680648,0.486138049,0.49506029,0.759136748,0.907395995,0.836702545,1.034800158,-6.955570497,-0.911904763,28.17886458,37.14487408,3.041662472,7.879317442,40.56300726,45.62497568,0.302395077,0.303053595,6.68017525,6.985839699,97.49899913,98.74148274,100,100,0.020024633,0.021680648,1.876212193,2.277713062,14.16115368,20.83281976,22.65161453,30
"V._simulans",92,88,12,1,0.504627679,33096,0.005982156,0.145169962,0.488758033,0.55166494,0.228434346,0.240414529,0.166483273,0.283578096,0.319076819,0.319865014,0.243082254,0.339865834,0.813235617,0.999634851,1.692177175,1.859398741,0.041812247,0.042509103,0.363409884,0.363989854,1.031747657,1.304469628,0.559272772,0.600718553,-9.70089221,-2.741501906,14.43790166,17.58324702,11.19330186,11.78033052,16.64832728,28.35780957,0.319076819,0.319865014,-4.061298575,0.293962545,81.32356168,99.96348506,100,100,0.041812247,0.042509103,-3.646555208,-3.620456571,25,25,10.16727475,12.03233488
"V._spathulata",112,125,5,15,0.775636267,18479,0.031559554,0.232880372,0.556401106,0.55659371,0.289613686,0.295250203,0.26906301,0.539312389,0.268823678,0.598796577,0.197011123,0.365081848,0.905506776,0.999975527,1.58575746,1.796333995,0.00199613,0.004695865,0.278790933,0.279683604,0.62478174,0.625002213,0.647671479,0.647689901,-8.422022279,1.6440186,17.82005529,17.8296855,14.19108803,14.4672772,26.90630102,53.93123894,0.268823678,0.598796577,-6.134499475,1.428683179,90.55067762,99.99755266,100,100,0.00199613,0.004695865,-7.454408007,-7.414237841,8.115178289,8.125099568,14.14521653,14.14604554
"V._speciosa",11,20,0,0,0.366459384,27041,0.398869908,0.445071836,0.789351061,1.074983505,0.233086271,0.2720971,0.301553143,0.474087861,0.174777808,0.176400299,0.49433018,0.532368744,0.860364102,0.868177093,2.402760685,2.494129269,0.064251535,0.076013595,0.73391506,0.735286509,1.132521131,1.239262959,0.802852572,1.065783892,9.943495422,12.25359179,29.46755306,40,11.42124606,13.33277575,30.15531429,47.40878608,0.174777808,0.176400299,7.244858109,8.95659348,86.0364102,86.81770931,100,100,0.064251535,0.076013595,13.02617772,13.08789291,25,25,21.12836575,30
"V._spectabilis",8,10,0,0,0.49331775,4580,0.14169694,0.224973024,0.661362283,0.884368518,0.106529183,0.179924023,0.804391914,0.840288844,0.277531372,0.278336522,0.080893884,0.244546876,0.849043689,0.850106359,2.242345452,2.397782196,0.034677897,0.069556439,0.295677969,0.311472617,0.523075268,0.526616576,0.597421357,0.600871327,-2.915153005,1.248651208,23.06811415,34.21842592,5.219951848,8.816297234,80.43919135,84.02888437,0.277531372,0.278336522,-11.35977522,-3.995390569,84.90436892,85.01063588,100,100,0.034677897,0.069556439,-6.694491373,-5.983732245,3.538387047,3.697745917,11.88396105,12.03920973
"V._stenophylla",278,186,124,30,0.5194024,142797,0.072301754,0.123911736,0.636560136,0.651700859,0.505608788,0.712691075,0.384964086,0.423878492,0.149626709,0.19316578,0.495752309,0.495908065,0.743789716,0.747165363,2.001128417,2.132770246,0.038755758,0.043935664,0.365716741,0.668540051,1.476058083,1.541191882,0.151579095,0.240153595,-6.384912319,-3.804413213,21.82800681,22.58504294,24.77484275,34.92186972,38.49640865,42.38784918,0.149626709,0.19316578,7.308853926,7.315862912,74.37897159,74.71653628,100,100,0.038755758,0.043935664,-3.542746636,10.08430231,25,25,-8.178940716,-4.193088222
"V._stricta",1567,765,825,17,0.291566338,154312,0.178544136,0.3767023,0.952821763,1.12979789,0.776129654,0.779859201,0.361996504,0.50974231,0.001415707,0.271997208,0.443463999,0.70074913,0.89683816,0.921212609,0.999101096,1.001059823,0.024412033,0.03049085,0.521778594,0.751827062,1.452879646,1.455835523,0.116041725,0.316661692,-1.072793218,8.835114988,37.64108813,40,38.03035855,38.21310625,36.19965045,50.97423102,0.001415707,0.271997208,4.955879955,16.53371085,89.68381597,92.12126094,99.91010959,100,0.024412033,0.03049085,3.480036716,13.83221778,25,25,-9.778122392,-0.750223869
"V._subalpina",1023,978,172,122,0.671354871,49982,0.268194506,0.269197445,0.595496686,0.595660932,0.219348395,0.219589338,0.414156921,0.495812765,0.10810146,0.438073348,0.383642812,0.455000424,0.914675987,1.036968332,2.369873635,2.546711977,0.03849937,0.047833806,0.124313291,0.293909169,0.395159449,0.488191466,0.845295577,0.868679006,3.409725298,3.459872264,19.77483428,19.78304661,10.74809047,10.75989666,41.41569214,49.58127647,0.10810146,0.438073348,2.263926542,5.475019069,91.46759871,100,100,100,0.03849937,0.047833806,-14.40590192,-6.774087387,-2.217824782,1.968615956,23.03830096,24.09055528
"V._subfulvida",123,108,22,1,0.600801146,54808,0.2035166,0.269216522,1.570881113,1.721605969,0.910208825,0.910215711,0.749480162,0.983020894,0.045799271,0.057479788,0.367531509,0.434497165,0.792340199,0.928612341,2.524840782,2.776776538,2.56e-10,0.044000001,0.212760087,0.42766587,0.817331426,0.943697689,0.683241136,0.914326453,0.175830001,3.460826076,40,40,44.60023464,44.60057202,74.94801622,98.30208944,0.045799271,0.057479788,1.538917892,4.552372439,79.23401987,92.86123412,100,100,2.56e-10,0.044000001,-10.42579606,-0.755035845,16.77991418,22.46639598,15.74585114,26.14469038
"V._tairawhiti",36,40,0,0,0.9009668,33663,0.256853433,0.38836069,0.684171743,0.684213355,0.04589015,0.137918178,0.466718851,0.52744587,0.0860684,0.4160684,0.194250516,0.339566412,0.37582747,0.509664579,1.911653192,2.001795562,0.083412011,0.08771144,0.409319386,0.468715738,0.572713829,0.573097634,0.762920512,0.763627436,2.842671636,9.418034498,24.20858716,24.21066775,2.248640719,6.75801185,46.67188514,52.74458704,0.0860684,0.4160684,-6.258726771,0.280488543,37.58274699,50.96645795,100,100,0.083412011,0.08771144,-1.580627608,1.092208191,5.77212232,5.789393543,19.33142305,19.36323464
"V._tetragona",339,385,5,44,0.743739796,8318,0.000275402,0.173039179,0.385997221,0.436519336,0.264705637,0.2648095,0.667261954,0.898898106,0.198068918,0.439282698,0.36096876,0.377796995,0.861970786,1.000032855,2.50040299,2.709251221,0.02220361,0.046003736,0.402045354,0.402756399,2.33594388,2.555697139,0.656661016,0.866692157,-9.986229912,-1.348041051,9.299861041,11.82596681,12.97059422,12.97568351,66.72619538,89.88981056,0.198068918,0.439282698,1.243594195,2.000864795,86.19707858,100,100,100,0.02220361,0.046003736,-1.907959049,-1.875962056,25,25,14.54974572,24.00114705
"V._tetrasticha",91,78,22,0,0.26825898,40463,0.185887562,0.18593999,0.37000498,0.39200426,0.244739024,0.247480878,0.547667832,0.804363716,0.175691369,0.20952567,0.258925525,0.488948593,0.889929019,0.999950435,2.038737619,2.196567847,0.044297016,0.049166051,0.364549194,0.365999762,0.938327565,1.149343733,0.666626187,0.667561845,-0.705621878,-0.703000501,8.50024899,9.600213012,11.99223067,12.12658147,54.76678322,80.43637161,0.175691369,0.20952567,-3.348351378,7.002686698,88.99290185,99.99504353,100,100,0.044297016,0.049166051,-3.595286267,-3.530010709,22.22474044,25,14.9981784,15.04028303
"V._thomsonii",194,167,33,2,0.276425631,33334,0.006218527,0.137084215,0.949506606,1.009342763,0.015355678,0.149101363,0.526995335,0.626821355,0.144092831,0.179817482,0.136659354,0.242163555,0.980027168,0.99004126,1.533392047,1.808728055,0.043269656,0.046967715,0.258269841,0.259508772,0.362530858,0.388243731,0.577552038,0.593165015,-9.689073661,-3.145789273,37.47533031,40,0.752452342,7.305987646,52.69953346,62.68213552,0.144092831,0.179817482,-8.850329061,-4.102640046,98.00271678,99.00412597,100,100,0.043269656,0.046967715,-8.37785716,-8.322105274,-3.686111409,-2.52903209,10.9898417,11.69242566
"V._topiaria",254,247,23,10,0.631539311,38050,0.253332291,0.286920678,1.32876225,1.472873843,0.106844371,0.244014373,0.828542969,0.990570236,0.312361972,0.321717606,0.296833714,0.368567031,0.841328486,0.999498299,1.952878394,2.132834796,0.01106584,0.022076855,0.202482851,0.409381569,1.774255776,1.998223478,0.596351464,0.597852398,2.66661455,4.346033892,40,40,5.235396085,11.95672278,82.85429689,99.05702362,0.312361972,0.321717606,-1.642482855,1.585516402,84.13284863,99.94982991,100,100,0.01106584,0.022076855,-10.88827169,-1.577829407,25,25,11.83581586,11.90335791
"V._townsonii",31,37,3,0,0.838011222,26824,0.191915537,0.277355958,1.143485477,1.22914367,0.237194609,0.239618086,0.581612725,0.768407557,0.301464261,0.309571872,0.403437202,0.409838257,0.959687829,0.981476005,1.111176802,1.12175308,0.001604522,0.033959091,0.156148194,0.467535711,0.747217639,0.879842742,0.646509589,0.648554659,-0.404223132,3.867797894,40,40,11.62255452,11.74130484,58.1612725,76.84075571,0.301464261,0.309571872,3.154674096,3.442721573,95.96878293,98.14760047,100,100,0.001604522,0.033959091,-12.97333127,1.039107013,13.62479374,19.5929234,14.0929315,14.18495964
"V._traversii",425,367,83,25,0.602931062,60560,0.20359257,0.506180412,2.06596741,2.285193773,0.91017304,0.910361569,0.567390111,0.717682057,0.035509749,0.072031013,0.376406637,0.377260829,0.445118156,0.679022301,1.679891416,1.826756743,0.005518659,0.051969263,0.31368821,0.378905619,1.113765044,1.230514599,0.673395122,0.891477983,0.179628484,15.3090206,40,40,44.59848118,44.60771906,56.7390111,71.76820574,0.035509749,0.072031013,1.938298682,1.976737317,44.51181555,67.90223008,100,100,0.005518659,0.051969263,-5.884030533,-2.949247146,25,25,15.30278048,25.11650923
"V._treadwellii",128,119,21,7,0.674630097,43289,0.066709924,0.315291917,1.986343393,2.216861668,0.015734351,0.254731174,0.672747638,0.885309212,0.310619363,0.311525967,0.103843499,0.146594956,0.984876695,0.993278811,2.292685483,2.551231845,0.036018484,0.040944107,0.258541795,0.278469198,0.567165018,0.631024963,0.625749186,0.626704216,-6.66450378,5.764595853,40,40,0.771007332,12.48184576,67.27476378,88.53092115,0.310619363,0.311525967,-10.32704255,-8.403226997,98.4876695,99.32788114,100,100,0.036018484,0.040944107,-8.365619227,-7.468886079,5.522425795,8.396123315,13.15871337,13.20168971
"V._trifida",56,56,4,3,0.665726198,10350,0.073174513,0.2663227,0.602714726,0.606857628,0.016414551,0.188860011,0.627723746,0.645733776,0.165315804,0.480614168,0.11794385,0.361944196,0.621281405,0.642656044,1.769319856,1.919704493,0.025334946,0.073023288,0.064736984,0.104400198,0.332178215,0.405437197,0.644493887,0.646305935,-6.341274366,3.316135007,20.13573632,20.34288142,0.804337098,9.254160418,62.7723746,64.57337756,0.165315804,0.480614168,-9.692526736,1.287488803,62.12814048,64.26560437,100,100,0.025334946,0.073023288,-17.0868357,-15.3019911,-5.051980312,-1.755326114,14.00222493,14.0837671
"V._truncatula",42,48,2,0,0.226267669,7633,0.003994508,0.146862649,1.21510902,1.326499123,0.259986694,0.262116791,0.357326901,0.383665263,0.23386676,0.233938411,0.302560858,0.4641018,0.95800887,0.959998412,2.446773965,2.56394488,0.067954297,0.068269596,0.036454711,0.271958754,0.439413773,0.502687036,0.936153634,1.111995178,-9.800274598,-2.656867542,40,40,12.73936612,12.84374084,35.73269006,38.36652633,0.23386676,0.233938411,-1.38476137,5.884581009,95.80088701,95.99984118,100,100,0.067954297,0.068269596,-18.359538,-7.761856076,-0.22638021,2.620916628,27.12691353,30
"V._tumida",78,74,6,1,0.612754479,18634,0.247058791,0.351959661,1.68279213,1.82295882,0.910334015,0.910336359,0.888918041,0.893302766,0.000562748,0.073842034,0.253721251,0.282139126,0.545150512,0.699810463,1.317041994,1.564758069,0.000148288,0.039936975,0.147356914,0.360055906,0.635561983,0.664857252,0.623723425,0.84522106,2.352939543,7.597983055,40,40,44.60636892,44.60648379,88.8918041,89.33027664,0.000562748,0.073842034,-3.582543707,-2.303739345,54.51505123,69.98104631,100,100,0.000148288,0.039936975,-13.36893888,-3.797484235,8.600289219,9.918576325,13.06755412,23.03494771
"V._urvilleana",33,40,0,0,0.306326957,22255,0.062149136,0.186117794,0.846153445,1.057825613,0.910026757,0.910243037,0.875131749,0.879370971,0.04507671,0.045643739,0.425134445,0.472089246,0.285631459,0.613830912,0.990234888,1.000512137,0.018428984,0.023095799,0.426096344,0.437051981,2.106732247,2.325886776,0.872846793,1.080936361,-6.892543194,-0.69411032,32.30767225,40,44.59131332,44.60191099,87.5131749,87.93709713,0.04507671,0.045643739,4.131050041,6.244016057,28.56314586,61.3830912,99.0234888,100,0.018428984,0.023095799,-0.825664514,-0.332660876,25,25,24.27810569,30
"V._vernicosa",495,462,58,21,0.615664102,35355,0.198725833,0.457829345,1.553445869,1.681750177,0.910259703,0.910302701,0.796080217,0.950018979,0.067391787,0.067408072,0.328818692,0.328880187,0.679298495,0.789953525,1.844305612,2.093682005,0.001214163,0.043963637,0.160787239,0.391364518,0.867932452,1.030748537,0.640568845,0.896739127,-0.063708347,12.89146727,40,40,44.60272762,44.60483455,79.60802173,95.00189793,0.067391787,0.067408072,-0.203158874,-0.200391605,67.92984948,78.99535252,100,100,0.001214163,0.043963637,-12.76457422,-2.3885967,19.05696036,25,13.82559803,25.35326071
"V._zygantha",33,40,0,0,0.665281911,22934,0.177412679,0.178995113,1.303278046,1.510597897,0.170341285,0.197959566,0.458157999,0.632234172,0.310651409,0.311623375,0.282702227,0.300500861,0.990690838,0.992023164,2.329921166,2.612982841,0.034144843,0.046993026,0.1513052,0.184840666,1.159465703,1.270154395,0.557885123,0.559808717,-1.129366052,-1.050244364,40,40,8.346743288,9.700038389,45.81579988,63.22341724,0.310651409,0.311623375,-2.278399771,-1.477461271,99.06908376,99.20231641,100,100,0.034144843,0.046993026,-13.19126598,-11.68217005,25,25,10.10483054,10.19139227
